Project Name,Issue URL,Issue number,PR number that fix the issue
aiqm/torchani,https://github.com/aiqm/torchani/issues/499,499,500
aiqm/torchani,https://github.com/aiqm/torchani/issues/113,113,171
aiqm/torchani,https://github.com/aiqm/torchani/issues/112,112,224
aiqm/torchani,https://github.com/aiqm/torchani/issues/49,49,52
aiqm/torchani,https://github.com/aiqm/torchani/issues/511,511,512
DeepLabCut/DeepLabCut,https://github.com/DeepLabCut/DeepLabCut/issues/1792,1792,1911
DeepLabCut/DeepLabCut,https://github.com/DeepLabCut/DeepLabCut/issues/1981,1981,1982
marl/openl3,https://github.com/marl/openl3/issues/73,73,75
HazyResearch/fonduer,https://github.com/HazyResearch/fonduer/issues/56,56,64
stared/livelossplot,https://github.com/stared/livelossplot/issues/75,75,77
mozilla/bugbug,https://github.com/mozilla/bugbug/issues/18,18,449
brendanhasz/probflow,https://github.com/brendanhasz/probflow/issues/21,21,39
brendanhasz/probflow,https://github.com/brendanhasz/probflow/issues/10,10,53
brendanhasz/probflow,https://github.com/brendanhasz/probflow/issues/28,28,29
brendanhasz/probflow,https://github.com/brendanhasz/probflow/issues/18,18,31
brendanhasz/probflow,https://github.com/brendanhasz/probflow/issues/19,19,46
hackingmaterials/automatminer,https://github.com/hackingmaterials/automatminer/issues/241,241,246
hackingmaterials/automatminer,https://github.com/hackingmaterials/automatminer/issues/239,239,246
HunterMcGushion/hyperparameter_hunter,https://github.com/HunterMcGushion/hyperparameter_hunter/issues/88,88,89
HunterMcGushion/hyperparameter_hunter,https://github.com/HunterMcGushion/hyperparameter_hunter/issues/111,111,118
HunterMcGushion/hyperparameter_hunter,https://github.com/HunterMcGushion/hyperparameter_hunter/issues/34,34,91
qubvel/efficientnet,https://github.com/qubvel/efficientnet/issues/135,135,130
qubvel/efficientnet,https://github.com/qubvel/efficientnet/issues/60,60,130
qubvel/efficientnet,https://github.com/qubvel/efficientnet/issues/51,51,52
netrack/keras-metrics,https://github.com/netrack/keras-metrics/issues/3,3,4
netrack/keras-metrics,https://github.com/netrack/keras-metrics/issues/22,22,23
NRCan/geo-deep-learning,https://github.com/NRCan/geo-deep-learning/issues/292,292,294
NRCan/geo-deep-learning,https://github.com/NRCan/geo-deep-learning/issues/57,57,64
NRCan/geo-deep-learning,https://github.com/NRCan/geo-deep-learning/issues/6,6,30
NRCan/geo-deep-learning,https://github.com/NRCan/geo-deep-learning/issues/293,293,295
NRCan/geo-deep-learning,https://github.com/NRCan/geo-deep-learning/issues/84,84,89
NRCan/geo-deep-learning,https://github.com/NRCan/geo-deep-learning/issues/305,305,308
NRCan/geo-deep-learning,https://github.com/NRCan/geo-deep-learning/issues/333,333,334
NRCan/geo-deep-learning,https://github.com/NRCan/geo-deep-learning/issues/260,260,263
NRCan/geo-deep-learning,https://github.com/NRCan/geo-deep-learning/issues/189,189,208
NRCan/geo-deep-learning,https://github.com/NRCan/geo-deep-learning/issues/222,222,335
NRCan/geo-deep-learning,https://github.com/NRCan/geo-deep-learning/issues/370,370,373
NRCan/geo-deep-learning,https://github.com/NRCan/geo-deep-learning/issues/183,183,298
NRCan/geo-deep-learning,https://github.com/NRCan/geo-deep-learning/issues/249,249,259
NRCan/geo-deep-learning,https://github.com/NRCan/geo-deep-learning/issues/264,264,266
NRCan/geo-deep-learning,https://github.com/NRCan/geo-deep-learning/issues/157,157,208
justinshenk/fer,https://github.com/justinshenk/fer/issues/7,7,8
onnx/onnxmltools,https://github.com/onnx/onnxmltools/issues/37,37,38
onnx/onnxmltools,https://github.com/onnx/onnxmltools/issues/66,66,74
onnx/onnxmltools,https://github.com/onnx/onnxmltools/issues/124,124,126
onnx/onnxmltools,https://github.com/onnx/onnxmltools/issues/50,50,70
ProGamerGov/neural-style-pt,https://github.com/ProGamerGov/neural-style-pt/issues/43,43,84
BindsNET/bindsnet,https://github.com/BindsNET/bindsnet/issues/362,362,364
BindsNET/bindsnet,https://github.com/BindsNET/bindsnet/issues/351,351,354
BindsNET/bindsnet,https://github.com/BindsNET/bindsnet/issues/224,224,225
blue-oil/blueoil,https://github.com/blue-oil/blueoil/issues/904,904,978
blue-oil/blueoil,https://github.com/blue-oil/blueoil/issues/362,362,364
blue-oil/blueoil,https://github.com/blue-oil/blueoil/issues/909,909,957
blue-oil/blueoil,https://github.com/blue-oil/blueoil/issues/138,138,28
blue-oil/blueoil,https://github.com/blue-oil/blueoil/issues/484,484,1072
blue-oil/blueoil,https://github.com/blue-oil/blueoil/issues/884,884,882
blue-oil/blueoil,https://github.com/blue-oil/blueoil/issues/687,687,689
blue-oil/blueoil,https://github.com/blue-oil/blueoil/issues/805,805,807
blue-oil/blueoil,https://github.com/blue-oil/blueoil/issues/711,711,719
blue-oil/blueoil,https://github.com/blue-oil/blueoil/issues/249,249,886
medipixel/rl_algorithms,https://github.com/medipixel/rl_algorithms/issues/123,123,124
medipixel/rl_algorithms,https://github.com/medipixel/rl_algorithms/issues/261,261,272
medipixel/rl_algorithms,https://github.com/medipixel/rl_algorithms/issues/129,129,140
medipixel/rl_algorithms,https://github.com/medipixel/rl_algorithms/issues/243,243,272
medipixel/rl_algorithms,https://github.com/medipixel/rl_algorithms/issues/242,242,279
medipixel/rl_algorithms,https://github.com/medipixel/rl_algorithms/issues/245,245,246
ludwig-ai/ludwig,https://github.com/ludwig-ai/ludwig/issues/1403,1403,1410
ludwig-ai/ludwig,https://github.com/ludwig-ai/ludwig/issues/1911,1911,1912
ludwig-ai/ludwig,https://github.com/ludwig-ai/ludwig/issues/2243,2243,2445
ludwig-ai/ludwig,https://github.com/ludwig-ai/ludwig/issues/1262,1262,1269
ludwig-ai/ludwig,https://github.com/ludwig-ai/ludwig/issues/484,484,1174
ludwig-ai/ludwig,https://github.com/ludwig-ai/ludwig/issues/1389,1389,1402
ludwig-ai/ludwig,https://github.com/ludwig-ai/ludwig/issues/1613,1613,1663
ludwig-ai/ludwig,https://github.com/ludwig-ai/ludwig/issues/828,828,829
ludwig-ai/ludwig,https://github.com/ludwig-ai/ludwig/issues/1889,1889,1893
ludwig-ai/ludwig,https://github.com/ludwig-ai/ludwig/issues/296,296,367
ludwig-ai/ludwig,https://github.com/ludwig-ai/ludwig/issues/1871,1871,1872
ludwig-ai/ludwig,https://github.com/ludwig-ai/ludwig/issues/1030,1030,1031
ludwig-ai/ludwig,https://github.com/ludwig-ai/ludwig/issues/1991,1991,1992
ludwig-ai/ludwig,https://github.com/ludwig-ai/ludwig/issues/2186,2186,2191
ludwig-ai/ludwig,https://github.com/ludwig-ai/ludwig/issues/2169,2169,2170
ludwig-ai/ludwig,https://github.com/ludwig-ai/ludwig/issues/1181,1181,1326
ludwig-ai/ludwig,https://github.com/ludwig-ai/ludwig/issues/1093,1093,1103
ludwig-ai/ludwig,https://github.com/ludwig-ai/ludwig/issues/2851,2851,2852
ludwig-ai/ludwig,https://github.com/ludwig-ai/ludwig/issues/2144,2144,2175
ludwig-ai/ludwig,https://github.com/ludwig-ai/ludwig/issues/268,268,1174
philipperemy/keras-tcn,https://github.com/philipperemy/keras-tcn/issues/121,121,122
philipperemy/keras-tcn,https://github.com/philipperemy/keras-tcn/issues/5,5,6
atomistic-machine-learning/schnetpack,https://github.com/atomistic-machine-learning/schnetpack/issues/250,250,261
atomistic-machine-learning/schnetpack,https://github.com/atomistic-machine-learning/schnetpack/issues/165,165,216
catalyst-team/catalyst,https://github.com/catalyst-team/catalyst/issues/130,130,182
sktime/sktime,https://github.com/sktime/sktime/issues/2444,2444,2609
sktime/sktime,https://github.com/sktime/sktime/issues/1290,1290,1232
sktime/sktime,https://github.com/sktime/sktime/issues/1678,1678,1944
sktime/sktime,https://github.com/sktime/sktime/issues/3192,3192,3232
sktime/sktime,https://github.com/sktime/sktime/issues/1746,1746,2100
sktime/sktime,https://github.com/sktime/sktime/issues/2799,2799,2855
sktime/sktime,https://github.com/sktime/sktime/issues/2849,2849,2850
sktime/sktime,https://github.com/sktime/sktime/issues/4067,4067,4075
sktime/sktime,https://github.com/sktime/sktime/issues/1079,1079,2609
sktime/sktime,https://github.com/sktime/sktime/issues/2696,2696,2382
sktime/sktime,https://github.com/sktime/sktime/issues/2511,2511,2512
sktime/sktime,https://github.com/sktime/sktime/issues/3009,3009,3129
sktime/sktime,https://github.com/sktime/sktime/issues/2233,2233,2234
sktime/sktime,https://github.com/sktime/sktime/issues/3474,3474,3481
sktime/sktime,https://github.com/sktime/sktime/issues/1687,1687,1874
sktime/sktime,https://github.com/sktime/sktime/issues/3907,3907,3915
sktime/sktime,https://github.com/sktime/sktime/issues/2968,2968,2970
sktime/sktime,https://github.com/sktime/sktime/issues/3816,3816,3820
sktime/sktime,https://github.com/sktime/sktime/issues/1364,1364,2458
sktime/sktime,https://github.com/sktime/sktime/issues/3748,3748,3760
sktime/sktime,https://github.com/sktime/sktime/issues/3159,3159,3167
sktime/sktime,https://github.com/sktime/sktime/issues/2573,2573,3010
sktime/sktime,https://github.com/sktime/sktime/issues/2247,2247,2248
sktime/sktime,https://github.com/sktime/sktime/issues/3315,3315,3340
sktime/sktime,https://github.com/sktime/sktime/issues/2441,2441,2454
sktime/sktime,https://github.com/sktime/sktime/issues/3084,3084,3085
sktime/sktime,https://github.com/sktime/sktime/issues/2935,2935,2991
sktime/sktime,https://github.com/sktime/sktime/issues/3191,3191,3233
sktime/sktime,https://github.com/sktime/sktime/issues/3153,3153,3171
sktime/sktime,https://github.com/sktime/sktime/issues/2386,2386,2418
sktime/sktime,https://github.com/sktime/sktime/issues/3169,3169,3231
sktime/sktime,https://github.com/sktime/sktime/issues/3372,3372,3386
intel/dffml,https://github.com/intel/dffml/issues/254,254,268
intel/dffml,https://github.com/intel/dffml/issues/537,537,634
intel/dffml,https://github.com/intel/dffml/issues/316,316,340
intel/dffml,https://github.com/intel/dffml/issues/1181,1181,1226
intel/dffml,https://github.com/intel/dffml/issues/435,435,634
autonomio/talos,https://github.com/autonomio/talos/issues/106,106,109
pyro-ppl/funsor,https://github.com/pyro-ppl/funsor/issues/573,573,589
pyro-ppl/funsor,https://github.com/pyro-ppl/funsor/issues/70,70,161
pyro-ppl/funsor,https://github.com/pyro-ppl/funsor/issues/19,19,36
pyro-ppl/funsor,https://github.com/pyro-ppl/funsor/issues/9,9,47
kymatio/kymatio,https://github.com/kymatio/kymatio/issues/637,637,670
kymatio/kymatio,https://github.com/kymatio/kymatio/issues/461,461,459
kymatio/kymatio,https://github.com/kymatio/kymatio/issues/374,374,380
kymatio/kymatio,https://github.com/kymatio/kymatio/issues/568,568,578
kymatio/kymatio,https://github.com/kymatio/kymatio/issues/801,801,888
kymatio/kymatio,https://github.com/kymatio/kymatio/issues/522,522,527
kymatio/kymatio,https://github.com/kymatio/kymatio/issues/451,451,449
kymatio/kymatio,https://github.com/kymatio/kymatio/issues/902,902,919
kymatio/kymatio,https://github.com/kymatio/kymatio/issues/542,542,576
kymatio/kymatio,https://github.com/kymatio/kymatio/issues/811,811,889
kymatio/kymatio,https://github.com/kymatio/kymatio/issues/775,775,883
kymatio/kymatio,https://github.com/kymatio/kymatio/issues/868,868,890
kymatio/kymatio,https://github.com/kymatio/kymatio/issues/418,418,534
kymatio/kymatio,https://github.com/kymatio/kymatio/issues/663,663,667